tv1,tv2,tv3,tv4,tv5,tv6,tv7,tv8,tv9,tv10,tv11,to1,to2,to3,to4,to5,to6,to7,si1,si2,si3,si4,si5,si6,si7,si8,ps1,ps2,ps3,ps4,ps5,ps6,ps7,ps8,ps9,ps10,ps11,ps12
4,4,4,4,4,4,4,4,3,5,5,4,4,4,4,4,4,4,4,4,4,4,4,4,4,4,4,4,5,5,4,5,4,2,5,5,5,4
3,3,3,2,2,3,4,4,2,4,3,3,2,2,2,3,2,3,3,2,2,2,3,2,3,3,3,2,2,2,2,3,3,2,3,3,2,2
4,3,3,3,3,4,3,3,2,5,4,4,3,4,3,4,4,3,3,3,4,4,4,3,4,4,4,4,4,4,4,4,4,4,4,4,4,3
2,2,4,2,2,2,4,5,4,2,2,1,2,2,3,3,1,3,1,1,2,3,3,2,3,2,4,4,3,3,4,5,4,2,4,2,4,2
4,5,3,3,3,4,4,5,2,5,3,5,5,5,5,4,5,3,3,2,4,4,3,3,3,3,3,5,5,5,5,5,5,3,5,5,5,5
4,4,4,3,3,4,4,4,3,4,3,4,4,3,3,4,3,3,3,3,4,4,3,3,3,3,3,4,3,3,4,4,2,2,2,3,2,3
4,4,4,3,3,3,4,4,3,5,4,4,3,3,2,3,2,2,2,2,2,3,3,2,3,3,4,4,4,2,3,4,3,2,3,4,4,3
4,4,4,2,2,4,4,4,1,4,3,3,3,2,1,4,2,3,3,2,2,4,3,3,4,3,5,1,1,1,2,4,5,1,1,2,2,2
3,4,4,4,4,4,5,4,3,4,4,3,3,3,3,3,4,3,3,2,2,4,3,4,3,3,2,3,3,3,3,4,5,3,4,4,4,4
2,2,2,2,2,3,3,2,2,2,2,2,2,1,1,1,2,2,2,1,1,1,2,1,1,1,1,1,1,1,2,1,1,1,1,1,1,1
4,4,4,4,4,5,4,5,3,4,4,4,3,4,2,4,3,4,3,3,3,3,4,3,4,4,4,4,4,4,2,3,4,3,2,2,3,1
5,5,5,4,4,5,5,5,5,5,4,5,5,5,5,5,5,5,5,3,5,4,5,5,5,4,5,5,5,4,4,5,5,5,5,5,5,4
5,5,5,3,3,4,5,5,5,4,3,4,3,3,2,2,2,2,4,1,1,5,1,1,3,3,5,1,2,3,2,5,5,5,1,1,1,3
2,3,3,1,2,3,3,4,4,3,2,2,2,2,1,1,2,1,2,1,1,1,1,2,1,1,1,1,1,1,1,1,1,1,1,1,1,1
5,4,5,4,3,5,4,3,2,5,4,4,3,4,2,3,3,3,3,2,2,2,2,2,2,2,3,4,4,2,3,4,3,3,4,4,3,2
4,4,4,2,3,4,3,3,1,4,4,4,2,1,3,4,2,3,4,4,4,3,3,2,5,3,4,2,4,1,3,3,5,3,5,5,5,2
5,5,5,5,5,5,5,5,4,4,5,5,5,5,4,5,4,4,5,5,5,4,5,4,5,5,5,5,4,4,5,5,5,5,4,4,5,4
5,4,4,4,4,4,4,5,4,4,4,4,5,3,5,4,4,5,4,3,3,4,4,4,4,4,5,5,4,4,4,5,4,4,5,5,5,4
5,3,3,4,4,4,3,4,1,4,4,5,5,5,3,5,2,2,2,2,1,3,2,3,5,4,4,4,4,4,4,5,4,4,5,5,5,3
4,5,4,4,4,5,4,4,2,4,5,5,4,5,5,5,5,4,5,4,5,5,5,5,5,5,5,4,4,5,5,5,5,4,5,5,5,4
4,5,5,5,4,5,5,5,3,5,4,5,4,5,5,5,4,4,5,4,3,5,5,5,5,4,5,4,5,5,5,5,5,4,5,5,5,5
5,5,4,3,4,4,4,4,3,4,4,4,4,4,5,3,3,3,3,2,3,4,4,4,3,4,5,5,5,5,5,5,5,5,5,5,5,4
4,5,4,4,3,5,5,5,5,5,3,4,5,4,4,4,5,4,5,4,4,5,4,4,3,3,5,5,5,5,5,5,5,5,5,5,5,4
4,5,5,4,4,4,5,5,4,5,5,5,5,5,5,4,4,5,4,4,5,4,4,4,5,4,5,5,4,5,4,5,4,4,5,5,3,2
3,4,4,4,3,5,4,5,3,5,5,5,4,3,3,3,3,3,4,3,3,4,4,4,3,3,4,5,5,4,3,5,4,3,3,5,5,5
3,4,3,4,3,4,4,4,2,4,5,5,5,4,4,4,4,5,5,3,4,4,5,5,4,4,5,5,5,3,4,3,4,4,5,5,5,4
4,5,4,4,4,5,5,5,5,4,4,4,5,5,5,5,4,4,4,2,2,4,3,3,3,3,5,5,5,4,5,5,5,5,4,4,4,4
4,5,5,4,4,5,5,5,4,5,5,5,4,4,4,4,5,4,4,4,4,4,5,5,5,4,5,5,4,4,4,5,5,4,4,4,4,3
5,5,5,5,4,5,5,5,3,4,4,4,4,4,4,5,4,4,4,4,4,5,5,5,4,4,4,5,5,4,5,5,5,5,5,5,5,5
4,5,4,5,5,4,5,4,4,3,5,5,5,4,4,4,4,4,5,5,4,4,4,4,5,5,5,4,4,4,3,5,5,3,5,5,5,5
4,5,5,4,4,5,4,4,3,5,4,5,4,3,3,5,4,4,4,5,4,4,5,4,5,5,4,5,5,5,4,5,4,5,5,5,5,5
4,3,3,2,3,3,3,4,2,3,3,3,4,4,3,4,4,3,3,3,4,4,4,3,4,4,4,4,4,3,4,5,4,4,4,4,4,4
3,4,4,3,4,4,4,5,5,3,2,4,4,4,4,4,3,3,4,1,1,2,2,2,2,2,2,2,3,3,3,3,3,2,2,3,2,2
4,5,4,4,4,5,5,5,5,5,5,3,4,4,4,4,4,3,4,4,4,5,5,4,4,4,5,4,4,4,4,4,4,4,4,4,4,3
5,5,5,5,5,5,5,5,5,5,5,4,4,3,3,4,4,3,4,4,4,4,4,4,4,4,5,4,4,4,4,5,4,4,4,4,4,3
5,5,5,4,4,5,5,5,5,5,4,4,3,3,2,4,3,4,3,3,4,3,4,2,3,3,3,4,4,3,3,4,4,4,4,4,4,4
5,4,4,3,4,3,4,5,5,3,5,4,5,3,4,4,4,4,4,4,5,4,4,4,4,4,5,5,4,4,4,4,5,5,4,4,4,3
4,4,4,4,4,5,5,5,5,5,4,4,4,4,4,4,4,4,3,2,2,3,3,3,4,3,4,4,4,4,4,5,5,5,4,4,4,4
5,5,5,5,4,5,5,5,3,4,4,4,4,4,4,5,4,4,4,4,4,5,5,5,4,4,4,5,5,4,5,5,5,5,5,5,5,5
5,5,5,3,3,5,5,5,5,5,5,5,5,5,5,3,5,5,5,5,5,5,5,5,5,5,5,5,5,5,5,5,5,5,5,5,5,3
4,5,5,5,5,4,5,5,4,4,5,5,5,4,4,4,5,4,5,5,5,4,5,5,5,5,5,4,4,4,4,5,5,5,4,4,4,4
4,4,4,4,4,4,4,4,4,4,4,4,4,4,4,4,4,4,4,4,4,4,4,3,4,4,4,4,4,4,4,5,4,4,4,4,4,4
5,5,5,4,4,5,5,5,5,4,4,3,5,5,5,4,5,3,5,3,2,5,3,5,4,3,4,4,4,4,5,5,5,4,5,5,5,5
4,4,4,4,3,5,4,5,3,4,5,4,5,4,4,5,5,4,4,3,3,4,4,4,4,4,4,4,4,4,4,4,5,3,5,5,5,4
3,4,4,3,4,4,4,3,2,4,3,3,3,3,4,4,4,4,4,4,4,4,4,4,4,4,4,4,4,4,3,4,4,4,4,3,3,4
5,5,5,4,4,4,4,4,3,4,5,5,5,5,4,5,5,5,5,5,5,5,5,4,5,5,5,5,5,4,5,5,5,5,5,5,5,5
5,5,5,4,4,5,5,5,5,5,4,4,3,3,2,4,3,4,3,3,4,3,4,2,3,3,3,4,4,3,3,4,4,4,4,4,4,4
5,4,4,3,4,5,5,4,3,4,4,2,4,3,4,5,5,5,4,5,5,4,5,4,4,4,4,5,5,5,5,5,5,4,4,4,4,4
5,4,4,5,5,5,5,5,5,5,5,5,5,4,4,5,5,5,5,4,5,5,5,4,5,5,5,4,4,5,5,5,5,4,5,5,5,5
4,4,4,4,4,5,5,5,5,5,5,4,4,4,4,4,4,3,4,3,3,4,4,4,4,3,4,4,4,4,4,4,4,4,3,3,3,3
4,4,4,4,4,4,4,4,3,4,4,4,4,4,4,4,4,4,4,3,3,4,4,4,4,4,4,4,4,4,4,4,4,3,4,4,4,4
5,5,5,4,4,4,5,5,3,5,4,5,4,5,4,4,4,4,4,4,4,4,4,3,3,4,4,4,4,5,5,4,5,5,5,5,5,5
4,5,5,4,5,5,5,5,4,5,5,5,4,4,4,4,5,5,5,5,4,4,4,4,5,5,5,4,4,4,5,4,5,3,4,4,5,4
4,5,4,4,5,5,5,5,5,5,5,5,5,5,5,5,5,5,5,3,4,5,5,5,5,5,5,5,5,5,5,5,5,5,5,5,5,4
5,5,5,5,5,5,5,5,3,5,5,5,5,5,3,5,5,5,5,4,5,5,5,4,5,5,5,5,5,5,5,5,5,5,5,5,5,4
4,3,3,2,3,3,3,4,1,3,4,4,4,5,2,4,4,3,3,3,2,4,4,4,4,4,4,3,3,2,4,4,3,2,4,3,3,2
4,5,5,3,3,5,5,5,5,5,4,3,3,2,2,3,2,4,4,3,3,3,3,2,4,3,5,4,4,4,4,5,4,3,3,3,3,3
4,3,3,4,3,5,2,2,1,5,5,5,5,5,5,5,5,5,4,3,3,5,5,5,4,5,5,5,5,5,5,5,5,5,5,5,5,4
5,5,5,5,5,5,5,5,4,5,5,4,5,4,4,5,5,5,4,4,4,5,4,4,4,4,5,5,5,5,5,5,4,4,4,4,4,4
5,5,5,4,4,5,5,5,5,5,3,5,4,3,3,4,3,4,3,2,4,3,4,2,3,4,4,4,4,4,3,4,4,3,4,4,4,4
4,4,4,4,4,5,5,5,5,5,4,4,4,5,3,4,4,4,4,3,3,3,4,4,3,3,4,4,4,4,4,5,4,4,4,4,4,4
5,5,5,5,5,5,5,5,5,5,5,4,4,4,4,4,4,4,4,4,4,5,4,4,4,4,5,5,5,4,5,5,4,5,5,5,5,4
4,4,3,4,4,3,3,4,2,4,4,4,4,4,4,4,4,4,4,4,3,4,4,4,4,4,4,4,4,4,4,4,4,4,4,3,4,3
4,4,4,4,3,5,4,4,3,5,4,4,5,3,4,4,5,5,4,4,3,4,4,4,5,5,5,4,4,4,5,5,4,4,5,5,5,5
5,5,5,4,4,5,5,5,5,5,4,4,3,3,2,4,3,4,3,3,4,3,4,2,3,3,3,4,4,3,3,4,4,4,4,4,4,4
4,4,4,4,4,4,4,4,4,4,4,4,4,4,4,4,4,4,4,4,4,4,4,4,4,4,4,4,4,4,4,4,4,4,4,4,4,4
5,5,5,5,5,5,5,5,3,5,5,5,4,5,4,5,5,4,5,5,5,5,5,5,5,5,5,5,3,5,5,5,5,3,5,5,5,4
4,4,4,4,4,5,5,5,5,5,4,4,4,4,5,5,5,5,4,5,5,5,4,4,5,5,5,4,5,5,5,5,4,4,4,4,4,4
4,5,5,5,5,5,5,5,5,5,5,5,4,4,5,5,5,5,4,4,5,5,5,5,4,4,5,5,5,5,5,5,4,5,5,5,5,4
5,5,5,5,5,5,5,5,5,5,5,5,5,5,4,5,5,5,4,4,4,5,5,5,5,5,5,5,5,5,5,5,5,5,5,5,5,5
4,3,3,4,4,3,3,4,2,3,4,4,4,4,3,3,3,4,3,3,4,4,4,3,3,3,3,2,2,2,3,2,2,2,2,2,2,3
5,5,5,4,4,5,5,5,5,5,4,4,3,3,2,4,3,4,3,3,4,3,4,2,3,3,3,4,4,3,3,4,4,4,4,4,4,4
4,4,4,4,3,5,4,4,3,5,4,4,5,3,4,4,5,5,4,4,3,4,4,4,5,5,5,4,4,4,5,5,4,4,5,5,5,5
4,4,4,4,4,4,5,5,4,4,4,5,4,4,4,4,5,4,4,4,5,5,4,5,4,4,4,5,5,4,4,4,5,5,4,4,4,4
5,5,5,5,5,5,5,5,5,5,5,4,4,4,4,5,5,4,4,4,5,5,5,4,4,4,5,5,5,5,5,5,4,5,5,5,5,4
3,3,2,4,3,3,3,4,2,3,3,4,4,4,3,4,4,4,3,4,4,4,4,4,4,4,4,4,4,4,4,3,3,4,4,3,3,3
5,5,5,4,4,5,5,5,5,5,4,4,3,3,2,4,3,4,3,3,4,3,4,2,3,3,3,4,4,3,3,4,4,4,4,4,4,4
3,4,4,3,4,3,4,4,2,3,4,5,4,3,4,5,4,3,4,5,5,5,5,4,4,3,4,4,4,5,4,5,5,3,5,5,4,4
4,5,5,4,4,5,4,5,5,5,5,5,4,4,4,5,4,4,4,4,4,4,5,4,5,4,5,5,4,4,4,5,5,4,5,5,5,4
5,5,5,5,5,5,5,5,5,4,5,5,5,5,5,5,5,5,5,5,5,5,5,5,5,5,5,5,5,5,4,5,5,4,5,5,5,5
5,5,5,5,4,5,5,5,4,5,5,5,5,5,4,5,5,5,5,5,5,4,5,4,5,5,5,5,4,5,4,5,5,5,5,5,5,3
5,5,5,5,5,5,5,5,3,5,4,5,5,4,5,5,5,4,5,4,5,4,5,4,5,5,5,5,5,5,5,5,5,5,5,5,5,4
5,5,4,4,4,4,5,4,5,5,4,4,4,4,4,4,3,3,3,2,4,4,5,4,4,3,3,3,4,3,3,3,4,4,3,3,4,3
2,4,4,2,4,4,4,4,4,3,3,4,2,4,3,3,3,4,4,1,1,5,5,4,4,4,4,2,2,4,3,4,5,1,3,4,4,3
3,4,4,3,4,4,4,3,4,4,4,3,4,5,4,4,4,3,3,4,4,3,3,4,3,3,4,3,4,3,4,4,4,3,4,3,3,3
4,4,5,4,5,5,3,3,2,4,4,5,3,4,3,4,3,2,4,4,4,5,5,4,5,5,5,4,4,4,4,5,4,4,3,4,5,3
4,4,3,4,3,4,3,3,3,4,4,4,4,4,4,4,4,4,4,4,4,4,4,4,5,4,5,4,4,4,4,4,5,4,5,5,5,4
5,5,4,4,4,5,5,5,5,4,4,5,4,3,4,4,4,4,5,4,3,4,4,4,4,3,5,4,4,4,4,4,5,4,5,5,5,5
3,2,3,3,3,5,2,2,1,5,3,5,4,2,3,3,5,3,5,2,3,3,4,3,4,3,4,4,3,2,3,1,3,3,5,5,4,3
4,4,2,3,3,2,3,2,2,3,3,4,4,4,4,5,5,3,4,2,2,3,4,3,3,3,3,4,4,3,4,4,4,4,3,2,3,4
5,4,4,5,4,5,4,5,2,5,4,5,5,4,3,5,5,3,4,2,1,4,4,3,4,4,5,5,5,5,5,5,5,4,5,5,5,5
4,4,3,3,4,4,4,4,2,4,4,4,4,4,5,4,5,4,4,3,3,4,4,4,4,4,4,3,3,4,4,2,4,3,3,4,4,2
4,3,3,2,4,4,3,3,4,4,5,4,5,3,4,4,5,5,4,4,4,4,3,4,4,4,4,5,4,5,4,4,4,4,5,3,5,4
5,5,4,3,4,5,5,5,3,5,5,4,4,3,4,5,4,3,4,3,3,4,4,4,4,3,5,5,5,4,5,5,5,3,5,5,5,4
5,5,5,4,5,5,5,5,4,5,5,5,5,4,5,5,4,4,5,5,5,5,5,5,5,5,5,5,5,5,5,5,5,5,5,5,5,4
4,4,4,4,4,4,4,5,5,4,5,5,4,4,5,5,5,4,5,5,5,5,5,4,5,5,5,5,5,5,5,5,5,5,5,5,5,5
4,4,4,3,4,5,4,4,5,4,4,5,4,4,3,4,3,3,4,2,4,5,4,4,4,4,3,4,2,4,5,5,4,3,4,3,3,2
1,5,2,5,5,5,5,5,5,5,5,5,5,5,5,5,5,5,5,1,5,5,5,5,5,5,5,1,5,5,5,5,5,5,5,1,5,1
4,5,5,4,4,5,5,5,3,4,4,4,4,4,5,5,4,4,4,3,4,5,5,4,4,4,4,4,4,4,4,4,4,4,4,4,4,4
3,5,5,4,4,3,4,4,4,4,4,4,3,3,4,4,2,4,4,4,4,3,4,3,4,4,4,4,4,3,4,4,4,4,4,4,4,2
5,5,4,4,4,4,5,5,4,4,4,4,4,4,5,5,4,4,4,4,4,4,4,4,4,4,4,4,4,4,4,4,4,4,4,4,4,4
5,5,5,5,5,5,5,5,5,5,5,5,5,5,5,5,5,5,5,5,5,5,5,5,5,5,5,5,5,5,5,5,5,5,5,5,5,5
5,5,5,4,4,5,5,5,4,5,5,5,5,5,4,5,5,5,5,3,3,5,5,4,5,5,5,5,5,5,5,5,5,4,5,5,5,4
4,4,4,3,3,3,5,5,4,4,5,5,4,5,5,5,5,2,4,4,3,4,4,4,5,5,5,5,5,4,4,5,5,4,4,5,5,5
5,5,5,5,5,4,5,5,4,4,5,5,4,3,3,4,5,4,4,3,4,5,5,5,5,5,5,5,5,5,5,5,5,5,5,5,5,4
4,4,5,4,3,4,4,4,4,5,4,5,3,2,4,4,2,3,2,4,4,4,4,4,3,3,3,3,4,3,4,4,5,4,4,4,4,4
5,4,4,3,4,5,5,5,3,4,5,5,5,3,5,4,5,5,4,4,5,5,5,4,5,5,5,5,4,4,3,3,5,5,5,5,5,4
4,4,4,4,3,4,4,4,4,4,5,5,3,3,4,4,5,5,4,2,3,5,5,3,3,3,5,5,5,5,5,5,4,4,3,3,4,2
4,4,4,3,3,4,4,4,5,4,5,5,3,5,5,5,4,4,5,5,5,5,5,5,5,5,5,5,5,4,5,5,4,5,3,4,3,3
4,4,4,4,5,4,4,5,4,4,4,4,4,4,4,4,5,4,4,3,3,3,4,4,4,4,4,4,3,4,4,4,4,4,4,4,4,2
4,4,4,4,4,5,5,5,2,5,5,4,4,4,3,5,4,4,4,3,4,4,4,4,4,4,5,5,4,4,4,5,4,4,4,4,4,4
4,5,4,5,4,2,4,5,2,2,5,5,4,3,3,5,3,2,3,3,4,4,5,5,5,4,5,5,5,4,3,5,4,4,5,5,5,5
4,3,3,3,3,4,3,4,3,2,5,5,5,2,5,5,5,5,5,4,2,5,5,5,5,5,5,5,5,5,5,5,5,5,5,5,5,5
4,5,5,4,4,4,5,5,4,4,4,4,4,4,4,4,4,4,4,4,4,4,4,4,4,4,4,4,4,4,4,4,4,4,4,4,3,3
3,4,4,5,5,4,4,4,4,4,5,5,5,5,5,5,5,4,5,4,4,5,5,5,5,5,5,5,5,3,4,5,4,3,5,5,5,5
3,3,3,3,3,3,3,3,3,3,3,3,3,3,3,3,3,3,3,3,3,3,3,3,3,3,3,3,3,3,3,3,3,3,3,3,3,3
5,5,5,5,5,5,5,5,5,5,5,5,5,5,5,5,5,5,5,5,5,5,5,5,5,5,5,5,5,5,5,5,5,5,5,5,5,5
5,5,5,5,5,5,5,5,5,5,5,5,5,5,5,5,5,5,5,5,5,5,5,5,5,5,5,5,5,5,5,5,5,5,5,5,5,5
4,4,4,3,4,4,4,5,4,4,5,5,5,5,5,5,5,5,4,5,2,5,5,5,5,5,4,5,5,5,4,5,5,5,5,5,5,3
4,4,4,4,4,4,5,5,5,5,4,4,4,4,3,4,4,3,4,2,3,4,3,4,4,4,5,5,4,4,4,5,4,5,3,4,4,4
4,4,4,4,4,5,5,5,4,4,5,4,4,4,4,4,4,4,4,3,3,4,4,4,4,4,4,4,4,4,4,4,4,4,4,4,4,3
5,5,5,5,5,5,5,5,5,5,5,5,3,5,5,5,5,3,5,4,4,5,5,5,5,5,3,4,4,4,5,5,4,5,5,5,5,5
5,5,5,4,4,5,5,5,5,5,5,5,5,5,5,5,5,5,5,5,5,5,5,5,5,5,5,5,5,5,5,5,5,5,5,5,5,3
5,5,4,4,4,5,5,5,2,5,4,4,5,4,4,4,4,4,4,4,3,4,3,3,4,4,4,4,4,4,4,4,4,4,4,4,4,2
4,5,4,5,5,4,4,4,4,4,5,4,4,5,5,5,5,5,5,5,5,5,5,5,5,5,5,5,5,5,5,5,5,5,5,5,5,4
5,5,5,4,4,5,5,5,4,4,4,4,4,4,4,4,4,4,4,4,4,2,4,4,4,4,4,3,4,3,4,4,4,4,4,4,4,4
5,5,5,4,4,5,5,5,4,5,5,5,4,4,4,5,5,4,4,4,5,5,5,4,4,5,5,5,4,4,5,5,5,5,5,5,5,4
4,5,5,4,4,5,5,5,3,5,4,5,4,4,5,5,5,4,5,5,4,5,5,5,5,4,5,5,4,5,5,5,5,4,5,5,5,5
5,4,4,5,5,5,5,5,3,5,5,5,5,4,5,5,5,5,5,4,4,5,5,5,5,5,5,5,5,5,5,5,5,5,5,5,5,5
4,5,5,5,5,5,5,5,5,5,5,4,4,4,4,5,4,4,4,4,5,5,5,5,5,5,5,5,4,5,5,5,5,5,5,5,5,5
5,5,5,5,5,5,5,4,3,4,5,5,4,4,4,4,4,4,4,3,4,4,4,4,4,4,5,5,4,4,4,4,5,5,5,5,5,5
5,5,5,5,5,5,5,5,4,5,5,5,5,5,5,5,4,5,5,4,4,5,5,5,5,4,5,5,4,5,5,5,5,5,5,5,5,5
5,5,4,5,5,4,4,4,4,4,5,4,5,5,5,5,5,5,5,5,5,4,4,4,4,5,5,5,5,5,5,5,5,5,5,5,5,3
4,3,4,4,3,5,3,3,3,5,5,5,5,5,5,5,5,4,5,3,3,5,5,5,5,5,5,5,5,5,5,5,5,5,5,5,5,5
5,4,4,3,3,4,4,4,3,5,4,5,5,5,5,5,5,5,5,4,4,5,5,5,5,5,5,5,5,5,5,5,5,5,5,5,5,5
5,5,5,4,4,4,5,5,5,4,4,4,4,4,3,4,4,4,4,4,3,3,4,4,4,4,4,4,4,4,4,5,5,5,5,5,5,3
5,5,5,4,5,5,5,5,2,5,5,5,5,5,5,5,4,5,4,3,4,5,5,4,5,5,5,4,4,4,5,5,4,5,5,5,5,4
5,5,5,4,4,5,5,5,4,5,4,4,4,4,5,4,5,5,5,5,5,5,5,4,5,4,5,5,4,4,5,5,5,4,4,4,4,4
5,5,5,5,5,5,5,5,5,5,5,5,5,5,5,5,5,5,5,5,5,5,5,5,5,5,5,5,5,5,5,5,5,5,5,5,5,5
5,4,4,3,3,4,4,2,1,4,4,4,2,3,4,4,2,3,4,1,2,4,4,4,4,3,4,4,4,2,3,4,5,3,1,1,4,4
5,5,5,3,3,4,5,4,4,4,3,4,3,3,3,3,3,4,4,4,4,3,3,3,3,3,4,3,3,5,3,5,4,3,5,5,5,5
4,4,4,4,4,4,4,4,4,4,4,4,4,4,4,4,4,4,4,4,4,4,4,4,4,4,3,4,4,4,4,4,4,4,4,4,4,2
5,5,4,4,4,5,5,5,4,4,4,4,3,3,4,4,3,4,4,5,4,3,3,3,3,3,4,4,4,5,3,5,5,4,5,5,5,5
5,5,5,5,5,5,5,5,5,5,5,5,4,4,4,4,5,4,5,4,4,5,5,4,5,5,5,5,5,5,5,5,5,4,5,5,5,5
4,4,4,3,4,4,3,4,2,4,4,5,3,2,3,4,4,3,4,5,5,4,4,4,4,4,4,3,4,3,3,4,4,4,4,5,4,3
5,5,5,5,5,5,5,5,5,5,5,5,5,5,5,5,5,4,5,4,4,5,5,5,5,5,5,5,5,5,5,5,5,5,5,5,5,5
4,4,4,4,5,5,5,2,3,2,4,2,4,5,3,3,5,4,4,3,4,5,4,4,4,4,5,3,3,5,3,5,5,3,5,5,5,3
5,5,5,5,5,5,5,5,5,5,5,5,5,5,5,5,5,5,5,5,5,5,5,5,5,5,5,5,5,5,5,5,5,5,5,5,5,4
