variable,manuscript_item,n,count_1,count_2,count_3,count_4,count_5,percent_1,percent_2,percent_3,percent_4,percent_5
tv1,TCI1,148,1,4,13,66,64,0.6756756756756757,2.7027027027027026,8.783783783783784,44.5945945945946,43.24324324324324
tv2,TCI2,148,0,3,13,55,77,0.0,2.027027027027027,8.783783783783784,37.16216216216216,52.027027027027025
tv3,TCI3,148,0,4,17,65,62,0.0,2.7027027027027026,11.486486486486486,43.91891891891892,41.891891891891895
tv4,TCI4,148,1,9,29,72,37,0.6756756756756757,6.081081081081081,19.594594594594593,48.648648648648646,25.0
tv5,TCI5,148,0,5,32,73,38,0.0,3.3783783783783785,21.62162162162162,49.32432432432432,25.675675675675677
tv6,TCI6,148,0,3,14,49,82,0.0,2.027027027027027,9.45945945945946,33.108108108108105,55.4054054054054
tv7,TCI7,148,0,2,18,46,82,0.0,1.3513513513513513,12.162162162162161,31.08108108108108,55.4054054054054
tv8,TCI8,148,0,6,10,43,89,0.0,4.054054054054054,6.756756756756757,29.054054054054053,60.13513513513514
tv9,TCI9,148,7,22,33,39,47,4.72972972972973,14.864864864864865,22.2972972972973,26.35135135135135,31.756756756756758
tv10,TCI10,148,0,5,12,59,72,0.0,3.3783783783783785,8.108108108108109,39.86486486486486,48.648648648648646
tv11,TCI11,148,0,4,15,64,65,0.0,2.7027027027027026,10.135135135135135,43.24324324324324,43.91891891891892
to1,TCI12,148,1,4,10,65,68,0.6756756756756757,2.7027027027027026,6.756756756756757,43.91891891891892,45.945945945945944
to2,TCI13,148,0,7,24,67,50,0.0,4.72972972972973,16.216216216216218,45.270270270270274,33.78378378378378
to3,TCI14,148,2,9,32,62,43,1.3513513513513513,6.081081081081081,21.62162162162162,41.891891891891895,29.054054054054053
to4,TCI15,148,3,12,29,59,45,2.027027027027027,8.108108108108109,19.594594594594593,39.86486486486486,30.405405405405407
to5,TCI16,148,2,1,15,69,61,1.3513513513513513,0.6756756756756757,10.135135135135135,46.62162162162162,41.21621621621622
to6,TCI17,148,1,12,21,52,62,0.6756756756756757,8.108108108108109,14.18918918918919,35.13513513513514,41.891891891891895
to7,TCI18,148,1,7,32,68,40,0.6756756756756757,4.72972972972973,21.62162162162162,45.945945945945944,27.027027027027028
si1,TCI19,148,1,5,24,73,45,0.6756756756756757,3.3783783783783785,16.216216216216218,49.32432432432432,30.405405405405407
si2,TCI20,148,8,18,37,56,29,5.405405405405405,12.162162162162161,25.0,37.83783783783784,19.594594594594593
si3,TCI21,148,7,14,28,62,37,4.72972972972973,9.45945945945946,18.91891891891892,41.891891891891895,25.0
si4,TCI22,148,2,4,23,60,59,1.3513513513513513,2.7027027027027026,15.54054054054054,40.54054054054054,39.86486486486486
si5,TCI23,148,2,4,19,61,62,1.3513513513513513,2.7027027027027026,12.837837837837839,41.21621621621622,41.891891891891895
si6,TCI24,148,2,14,21,71,40,1.3513513513513513,9.45945945945946,14.18918918918919,47.972972972972975,27.027027027027028
si7,TCI25,148,2,2,27,59,58,1.3513513513513513,1.3513513513513513,18.243243243243242,39.86486486486486,39.189189189189186
si8,TCI26,148,2,3,35,59,49,1.3513513513513513,2.027027027027027,23.64864864864865,39.86486486486486,33.108108108108105
ps1,TCI27,148,2,2,17,48,79,1.3513513513513513,1.3513513513513513,11.486486486486486,32.432432432432435,53.37837837837838
ps2,TCI28,148,5,5,11,59,68,3.3783783783783785,3.3783783783783785,7.4324324324324325,39.86486486486486,45.945945945945944
ps3,TCI29,148,3,5,12,74,54,2.027027027027027,3.3783783783783785,8.108108108108109,50.0,36.486486486486484
ps4,TCI30,148,4,7,21,62,54,2.7027027027027026,4.72972972972973,14.18918918918919,41.891891891891895,36.486486486486484
ps5,TCI31,148,1,5,26,56,60,0.6756756756756757,3.3783783783783785,17.56756756756757,37.83783783783784,40.54054054054054
ps6,TCI32,148,3,2,9,43,91,2.027027027027027,1.3513513513513513,6.081081081081081,29.054054054054053,61.486486486486484
ps7,TCI33,148,2,2,8,60,76,1.3513513513513513,1.3513513513513513,5.405405405405405,40.54054054054054,51.351351351351354
ps8,TCI34,148,4,8,24,59,53,2.7027027027027026,5.405405405405405,16.216216216216218,39.86486486486486,35.810810810810814
ps9,TCI35,148,5,4,14,48,77,3.3783783783783785,2.7027027027027026,9.45945945945946,32.432432432432435,52.027027027027025
ps10,TCI36,148,5,5,15,45,78,3.3783783783783785,3.3783783783783785,10.135135135135135,30.405405405405407,52.7027027027027
ps11,TCI37,148,3,5,14,47,79,2.027027027027027,3.3783783783783785,9.45945945945946,31.756756756756758,53.37837837837838
ps12,TCI38,148,4,15,31,60,38,2.7027027027027026,10.135135135135135,20.945945945945947,40.54054054054054,25.675675675675677
